Country,Year,continent,happiness_score,gdp_per_capita,family,health,freedom,generosity,government_trust,cpi_score
Denmark,2015,EU,7.521999836,1.482383013,1.551121593,0.792565525,0.626006722,0.355280489,0.400770068,91
New Zealand,2015,AU,7.31400013,1.405706048,1.548195124,0.816759706,0.61406213,0.500005126,0.382816702,91
Finland,2015,EU,7.468999863,1.443571925,1.540246725,0.80915767,0.617950857,0.245482773,0.382611543,90
Sweden,2015,EU,7.28399992,1.494387269,1.478162169,0.830875158,0.612924099,0.385399252,0.384398729,89
Norway,2015,EU,7.537000179,1.616463184,1.53352356,0.796666503,0.635422587,0.362012237,0.315963835,88
Switzerland,2015,EU,7.493999958,1.564979553,1.516911745,0.858131289,0.620070577,0.290549278,0.367007285,86
Luxembourg,2015,EU,6.862999916,1.741943598,1.457583666,0.845089495,0.596627891,0.283180982,0.318834424,85
Singapore,2015,AS,6.572000027,1.69227767,1.353814363,0.949492395,0.549840569,0.345965981,0.464307785,85
Netherlands,2015,EU,7.376999855,1.503944635,1.428939223,0.810696125,0.585384488,0.47048983,0.282661825,84
Canada,2015,NA,7.315999985,1.479204416,1.481348991,0.834557652,0.611100912,0.435539722,0.287371516,83
Germany,2015,EU,6.951000214,1.487923384,1.472520351,0.798950732,0.562511384,0.33626917,0.276731938,81
United Kingdom,2015,EU,6.714000225,1.44163394,1.49646008,0.805335939,0.508190036,0.492774159,0.265428066,81
Australia,2015,AU,7.28399992,1.484414935,1.510041952,0.843886793,0.601607382,0.47769925,0.30118373,79
Iceland,2015,EU,7.504000187,1.48063302,1.610574007,0.833552122,0.627162635,0.475540221,0.153526559,79
Belgium,2015,EU,6.890999794,1.463780761,1.462312698,0.818091869,0.539770722,0.231503338,0.251343131,77
Austria,2015,EU,7.006000042,1.487097263,1.459944963,0.815328419,0.56776619,0.316472322,0.221060365,76
United States,2015,NA,6.993000031,1.546259284,1.419920564,0.774286628,0.505740523,0.392578781,0.135638788,76
Ireland,2015,EU,6.977000237,1.535706639,1.558231115,0.809782624,0.573110342,0.427858323,0.298388153,75
Japan,2015,AS,5.920000076,1.416915178,1.436337829,0.913475871,0.505625546,0.120572768,0.163760737,75
Uruguay,2015,SA,6.453999996,1.217559695,1.412227869,0.719216824,0.579392254,0.175096929,0.178061873,74
Chile,2015,SA,6.65199995,1.25278461,1.284024954,0.819479704,0.376895279,0.326662421,0.082287982,70
Estonia,2015,EU,5.611000061,1.32087934,1.4766711,0.695168316,0.47913143,0.098890811,0.183248922,70
France,2015,EU,6.441999912,1.430923462,1.387776852,0.844465852,0.470222116,0.129762307,0.172502428,70
United Arab Emirates,2015,AS,6.647999763,1.626343369,1.266410232,0.726798236,0.60834527,0.360941947,0.324489564,70
Portugal,2015,EU,5.195000172,1.315175295,1.367043018,0.795843542,0.4984653,0.095102713,0.015869452,64
Botswana,2015,AF,3.766000032,1.122094154,1.221554995,0.341755509,0.505196333,0.099348448,0.098583199,63
Poland,2015,EU,5.97300005,1.291787863,1.44571197,0.699475348,0.520342112,0.158465967,0.059307806,63
Cyprus,2015,AS,5.620999813,1.355938077,1.131363273,0.844714701,0.355111539,0.271254301,0.041237976,61
Israel,2015,AS,7.212999821,1.375382423,1.376289964,0.838404,0.405988604,0.330082655,0.0852421,61
Malta,2015,EU,6.52699995,1.343279839,1.488411665,0.821944237,0.588767052,0.574730575,0.153066069,60
Slovenia,2015,EU,5.757999897,1.341205955,1.452518821,0.790828228,0.572575808,0.242649093,0.045128979,60
Lithuania,2015,EU,5.90199995,1.314582348,1.473516107,0.62894994,0.234231785,0.010164657,0.011865643,59
Spain,2015,EU,6.402999878,1.384397864,1.532090902,0.8889606,0.40878123,0.190133572,0.070914097,58
Latvia,2015,EU,5.849999905,1.260748625,1.404714942,0.638566971,0.325707912,0.153074786,0.073842727,56
Costa Rica,2015,SA,7.078999996,1.109706283,1.416403651,0.759509265,0.58013165,0.214613229,0.100106589,55
Rwanda,2015,AF,3.470999956,0.368745893,0.945707023,0.326424807,0.581843853,0.252756029,0.455220014,54
Jordan,2015,AS,5.335999966,0.991012394,1.239088893,0.604590058,0.418421149,0.17217046,0.119803272,53
Mauritius,2015,AF,5.629000187,1.189395547,1.20956099,0.638007462,0.491247326,0.360933751,0.042181555,53
Georgia,2015,AS,4.285999775,0.950612664,0.570614934,0.649546981,0.309410036,0.054008815,0.251666635,52
Saudi Arabia,2015,AS,6.343999863,1.530623555,1.286677599,0.59014833,0.449750572,0.147616014,0.273432255,52
Bahrain,2015,AS,6.086999893,1.488412261,1.323110461,0.653133035,0.536746919,0.172668487,0.25704217,51
Croatia,2015,EU,5.293000221,1.222556233,0.967983007,0.701288521,0.255772293,0.248002976,0.04310311,51
Hungary,2015,EU,5.323999882,1.286011934,1.343133092,0.687763453,0.175863519,0.078401662,0.036636937,51
Slovakia,2015,EU,6.09800005,1.325393558,1.505059242,0.712732911,0.295817465,0.136544481,0.024210852,51
Malaysia,2015,AS,6.084000111,1.29121542,1.284646034,0.618784428,0.402264982,0.41660893,0.065600708,50
Kuwait,2015,AS,6.105000019,1.632952452,1.259698749,0.632105708,0.496337593,0.228289798,0.21515955,49
Ghana,2015,AF,4.119999886,0.667224824,0.873664737,0.295637727,0.423026294,0.256923944,0.02533637,47
Greece,2015,EU,5.227000237,1.289487481,1.239414573,0.810198903,0.095731251,0,0.043289777,46
Romania,2015,EU,5.824999809,1.217683911,1.15009129,0.685158312,0.457003742,0.133519918,0.004387901,46
Italy,2015,EU,5.964000225,1.395066619,1.444923282,0.853144348,0.256450713,0.172789648,0.028028091,44
Montenegro,2015,EU,5.236999989,1.121129036,1.238376498,0.667464674,0.194989055,0.197911024,0.088174194,44
Senegal,2015,AF,4.534999847,0.479309022,1.179691911,0.409362853,0.377922267,0.183468893,0.115460448,44
South Africa,2015,AF,4.828999996,1.054698706,1.384788632,0.18708007,0.479246736,0.13936238,0.072509497,44
Turkey,2015,AS,5.5,1.198274374,1.337753177,0.637605608,0.3007406,0.046693042,0.09967158,42
Bulgaria,2015,EU,4.714000225,1.161459088,1.434379458,0.70821768,0.289231718,0.113177694,0.011051531,41
Jamaica,2015,SA,5.31099987,0.925579309,1.368218064,0.641022384,0.474307239,0.233818337,0.055267781,41
Serbia,2015,EU,5.394999981,1.069317579,1.258189797,0.650784671,0.208715528,0.220125884,0.040903781,40
El Salvador,2015,SA,6.002999783,0.909784496,1.182125092,0.596018553,0.43245253,0.078257985,0.08998096,39
Mongolia,2015,AS,4.954999924,1.027235866,1.493011236,0.557783484,0.394143969,0.33846423,0.032902289,39
Panama,2015,SA,6.452000141,1.233748436,1.373192549,0.706156135,0.550026834,0.210556939,0.070983924,39
Bosnia and Herzegovina,2015,EU,5.18200016,0.982409418,1.069335938,0.705186307,0.204403177,0.328867495,0,38
Brazil,2015,SA,6.635000229,1.10735321,1.431306005,0.616552353,0.437453747,0.162349895,0.111092761,38
Burkina Faso,2015,AF,4.032000065,0.350227714,1.043280005,0.215844259,0.324367851,0.250864685,0.120328106,38
India,2015,AS,4.315000057,0.792221248,0.754372597,0.455427617,0.469987005,0.231538489,0.092226885,38
Thailand,2015,AS,6.423999786,1.127868772,1.425792456,0.647239029,0.580200732,0.57212311,0.031612735,38
Tunisia,2015,AF,4.804999828,1.007265806,0.86835146,0.613212049,0.28968069,0.049693357,0.086723149,38
Zambia,2015,AF,4.513999939,0.636406779,1.003187299,0.257835895,0.461603492,0.249580145,0.07821355,38
Benin,2015,AF,3.657000065,0.431085408,0.435299844,0.209930211,0.425962776,0.207948461,0.060929015,37
China,2015,AS,5.272999763,1.081165791,1.160837412,0.741415501,0.472787708,0.028806841,0.022794275,37
Colombia,2015,SA,6.356999874,1.070622325,1.402182937,0.595027924,0.477487415,0.149014473,0.046668742,37
Liberia,2015,AF,3.532999992,0.119041793,0.872117937,0.229918197,0.332881182,0.266549885,0.038948249,37
Sri Lanka,2015,AS,4.440000057,1.009850144,1.259976387,0.625130832,0.561213255,0.490863562,0.073653966,37
Albania,2015,EU,4.644000053,0.996192753,0.803685248,0.731159747,0.381498635,0.201312944,0.039864216,36
Algeria,2015,AF,5.872000217,1.091864467,1.146217465,0.617584646,0.233335808,0.069436647,0.14609611,36
Egypt,2015,AF,4.735000134,0.989701807,0.997471392,0.520187259,0.282110155,0.128631443,0.114381365,36
Indonesia,2015,AS,5.262000084,0.995538592,1.274444699,0.492345721,0.443323463,0.611704588,0.015317135,36
Morocco,2015,AF,5.235000134,0.878114581,0.774864435,0.597710669,0.408158332,0.032209955,0.087763183,36
Peru,2015,SA,5.715000153,1.035225272,1.218770385,0.630166113,0.450002879,0.126819715,0.047049087,36
Armenia,2015,AS,4.375999928,0.900596738,1.007483721,0.637524426,0.198303267,0.083488092,0.026674422,35
Mali,2015,AF,4.190000057,0.476180494,1.281473398,0.169365674,0.306613743,0.183354199,0.104970247,35
Philippines,2015,AS,5.429999828,0.857699215,1.253917575,0.468009055,0.585214674,0.193513423,0.099331893,35
Bolivia,2015,SA,5.822999954,0.833756566,1.227619052,0.47363025,0.558732927,0.225560725,0.060477726,34
Gabon,2015,AF,4.465000153,1.198210239,1.155620217,0.356578588,0.312328577,0.043785378,0.076046787,34
Niger,2015,AF,4.027999878,0.161925331,0.993025005,0.268505007,0.363658696,0.228673846,0.138572946,34
Dominican Republic,2015,SA,5.230000019,1.079373837,1.402416706,0.574873745,0.552589834,0.18696785,0.113945253,33
Ethiopia,2015,AF,4.460000038,0.339233845,0.864669204,0.353409708,0.408842742,0.31265074,0.165455714,33
Kosovo,2015,EU,5.278999805,0.951484382,1.137853503,0.54145205,0.260287941,0.319931448,0.057471618,33
Moldova,2015,EU,5.837999821,0.72887063,1.251825571,0.589465201,0.240729049,0.208779126,0.010091286,33
Argentina,2015,SA,6.598999977,1.185295463,1.440451145,0.695137084,0.494519204,0.109457061,0.059739888,32
Belarus,2015,EU,5.568999767,1.15655756,1.444945216,0.637714267,0.295400262,0.155137509,0.156313822,32
Ecuador,2015,SA,6.007999897,1.000820398,1.286168814,0.685636222,0.455198199,0.150112465,0.140134647,32
Togo,2015,AF,3.494999886,0.305444717,0.43188253,0.247105569,0.380426139,0.196896151,0.095665015,32
Honduras,2015,SA,5.181000233,0.730573118,1.143944979,0.58256948,0.34807986,0.236188874,0.073345453,31
Malawi,2015,AF,3.970000029,0.233442038,0.512568831,0.315089583,0.466914654,0.28717047,0.072711654,31
Mauritania,2015,AF,4.291999817,0.648457289,1.27203083,0.28534928,0.096098043,0.201870024,0.136957005,31
Mexico,2015,NA,6.578000069,1.153183818,1.21086216,0.709978998,0.412730008,0.120990433,0.132774115,31
Vietnam,2015,AS,5.073999882,0.788547575,1.277491331,0.652168989,0.571055591,0.234968051,0.087633237,31
Pakistan,2015,AS,5.269000053,0.726883531,0.67269069,0.402047783,0.235215262,0.315446019,0.124348067,30
Tanzania,2015,AF,3.348999977,0.511135876,1.041989803,0.364509284,0.390017778,0.354256362,0.066035107,30
Azerbaijan,2015,AS,5.234000206,1.153601766,1.152400255,0.540775776,0.398155838,0.04526934,0.180987507,29
Russia,2015,EU,5.962999821,1.281778097,1.469282389,0.547349334,0.373783112,0.052263822,0.032962881,29
Sierra Leone,2015,AF,4.709000111,0.368420929,0.984136045,0.005564754,0.318697691,0.293040901,0.071095176,29
Guatemala,2015,SA,6.453999996,0.872001946,1.255585194,0.54023999,0.531310618,0.283488393,0.077223279,28
Kazakhstan,2015,AS,5.818999767,1.28455627,1.384369016,0.606041551,0.437454283,0.201964423,0.119282886,28
Kyrgyzstan,2015,AS,5.004000187,0.596220076,1.394238591,0.553457797,0.454943389,0.428580374,0.039439179,28
Lebanon,2015,AS,5.224999905,1.074987531,1.129624248,0.735081077,0.288515985,0.264450759,0.03751383,28
Madagascar,2015,AF,3.644000053,0.305808693,0.913020372,0.375223309,0.189196765,0.20873253,0.067231975,28
Cameroon,2015,AF,4.695000172,0.564305365,0.946018219,0.132892117,0.430388749,0.236298457,0.051306631,27
Iran,2015,AS,4.691999912,1.156873107,0.711551249,0.639333189,0.249322608,0.387242913,0.048761073,27
Nepal,2015,AS,4.961999893,0.479820192,1.179283261,0.504130781,0.440305948,0.394096166,0.072975546,27
Nicaragua,2015,SA,6.071000099,0.737299204,1.28721571,0.653095961,0.447551847,0.301674217,0.130687982,27
Paraguay,2015,SA,5.493000031,0.932537317,1.50728488,0.579250693,0.473507792,0.224150658,0.091065913,27
Ukraine,2015,EU,4.096000195,0.894651949,1.394537568,0.575903952,0.122974776,0.270061463,0.023029471,27
Nigeria,2015,AF,5.073999882,0.783756256,1.215770483,0.05691573,0.394952565,0.230947196,0.026121566,26
Tajikistan,2015,AS,5.040999889,0.524713635,1.271463275,0.529235125,0.471566707,0.248997644,0.146377146,26
Bangladesh,2015,AS,4.607999802,0.586682975,0.735131741,0.533241034,0.478356659,0.172255352,0.123717859,25
Guinea,2015,SA,3.506999969,0.24454993,0.791244686,0.194129139,0.348587513,0.264815092,0.110937618,25
Kenya,2015,AF,4.552999973,0.560479462,1.067950726,0.30998835,0.452763766,0.444860309,0.064641319,25
Uganda,2015,AF,4.080999851,0.381430715,1.129827738,0.217632607,0.443185955,0.325766057,0.057069719,25
Chad,2015,AF,3.936000109,0.438012987,0.953855872,0.041134715,0.162342027,0.21611385,0.053581882,22
Myanmar,2015,AS,4.545000076,0.36711055,1.123235941,0.397522569,0.514492035,0.838075161,0.188816205,22
Burundi,2015,AF,2.904999971,0.091622569,0.629793584,0.151610792,0.059900753,0.204435185,0.084147945,21
Cambodia,2015,AS,4.168000221,0.601765096,1.006238341,0.429783404,0.633375823,0.385922968,0.068105951,21
Zimbabwe,2015,AF,3.875,0.375846535,1.083095908,0.196763754,0.336384207,0.189143494,0.095375381,21
Uzbekistan,2015,AS,5.971000195,0.786441088,1.54896915,0.498272628,0.658248663,0.415983647,0.246528223,19
Turkmenistan,2015,AS,5.822000027,1.130776763,1.493149161,0.43772608,0.418271929,0.249924988,0.25927034,18
Yemen,2015,AS,3.592999935,0.591683447,0.935382247,0.310080916,0.249463722,0.104125209,0.056767423,18
Haiti,2015,SA,3.602999926,0.368610263,0.640449822,0.27732113,0.030369857,0.489203781,0.09987215,17
Venezuela,2015,SA,5.25,1.128431201,1.431337595,0.617144227,0.153997123,0.06501963,0.064491123,17
Iraq,2015,AS,4.497000217,1.102710485,0.978613198,0.50118047,0.288555533,0.199637264,0.107215755,16
Libya,2015,AF,5.525000095,1.101803064,1.35756433,0.52016902,0.46573323,0.152073666,0.09261021,16
Afghanistan,2015,AS,3.79399991,0.401477218,0.581543326,0.180746779,0.10617952,0.311870933,0.06115783,11
Denmark,2016,EU,7.527,1.32548,1.36058,0.87464,0.64938,0.34139,0.48357,90
New Zealand,2016,AU,7.286,1.25018,1.31967,0.90837,0.63938,0.47501,0.42922,90
Finland,2016,EU,7.406,1.29025,1.31826,0.88911,0.64169,0.23351,0.41372,89
Sweden,2016,EU,7.364,1.33171,1.28907,0.91087,0.6598,0.36262,0.43844,88
Switzerland,2016,EU,7.587,1.39651,1.34951,0.94143,0.66557,0.29678,0.41978,86
Norway,2016,EU,7.522,1.459,1.33095,0.88521,0.66973,0.34699,0.36503,85
Singapore,2016,AS,6.798,1.52186,1.02,1.02525,0.54252,0.31105,0.4921,84
Netherlands,2016,EU,7.378,1.32944,1.28017,0.89284,0.61576,0.4761,0.31814,83
Canada,2016,NA,7.427,1.32629,1.32261,0.90563,0.63297,0.45811,0.32957,82
Germany,2016,EU,6.75,1.32792,1.29937,0.89186,0.61477,0.28214,0.21843,81
Luxembourg,2016,EU,6.946,1.56391,1.21963,0.91894,0.61583,0.28034,0.37798,81
United Kingdom,2016,EU,6.867,1.26637,1.28548,0.90943,0.59625,0.51912,0.32067,81
Australia,2016,AU,7.284,1.33358,1.30923,0.93156,0.65124,0.43562,0.35637,79
Iceland,2016,EU,7.561,1.30232,1.40223,0.94784,0.62877,0.4363,0.14145,78
Belgium,2016,EU,6.937,1.30782,1.28566,0.89667,0.5845,0.2225,0.2254,77
Austria,2016,EU,7.2,1.33723,1.29704,0.89042,0.62433,0.33088,0.18676,75
United States,2016,NA,7.119,1.39451,1.24711,0.86179,0.54604,0.40105,0.1589,74
Ireland,2016,EU,6.94,1.33596,1.36948,0.89533,0.61777,0.45901,0.28703,73
Japan,2016,AS,5.987,1.27074,1.25712,0.99111,0.49615,0.10705,0.1806,72
Uruguay,2016,SA,6.485,1.06166,1.2089,0.8116,0.60362,0.2324,0.24558,71
Estonia,2016,EU,5.429,1.15174,1.22791,0.77361,0.44888,0.0868,0.15184,70
France,2016,EU,6.575,1.27778,1.26038,0.94579,0.55011,0.12332,0.20646,69
Chile,2016,SA,6.67,1.10715,1.12447,0.85857,0.44132,0.33363,0.12869,66
United Arab Emirates,2016,AS,6.901,1.42727,1.12575,0.80925,0.64157,0.26428,0.38583,66
Israel,2016,AS,7.278,1.22857,1.22393,0.91387,0.41319,0.33172,0.07785,64
Poland,2016,EU,5.791,1.12555,1.27948,0.77903,0.53122,0.16759,0.04212,62
Portugal,2016,EU,5.102,1.15991,1.13935,0.87519,0.51469,0.13719,0.01078,62
Slovenia,2016,EU,5.848,1.18498,1.27385,0.87337,0.60855,0.25328,0.03787,61
Botswana,2016,AF,4.332,0.99355,1.10464,0.04776,0.49495,0.10461,0.12474,60
Lithuania,2016,EU,5.833,1.14723,1.25745,0.73128,0.21342,0.02641,0.01031,59
Costa Rica,2016,SA,7.226,0.95578,1.23788,0.86027,0.63376,0.25497,0.10583,58
Spain,2016,EU,6.329,1.23011,1.31379,0.95562,0.45951,0.18227,0.06398,58
Georgia,2016,AS,4.297,0.7419,0.38562,0.72926,0.40577,0.05547,0.38331,57
Latvia,2016,EU,5.098,1.11312,1.09562,0.72437,0.29671,0.18226,0.06332,57
Cyprus,2016,AS,5.689,1.20813,0.89318,0.92356,0.40672,0.30638,0.06146,55
Malta,2016,EU,6.302,1.2074,1.30203,0.88721,0.60365,0.51752,0.13586,55
Mauritius,2016,AF,5.477,1.00761,0.98521,0.7095,0.56066,0.37744,0.07521,54
Rwanda,2016,AF,3.465,0.22208,0.7737,0.42864,0.59201,0.22628,0.55191,54
Slovakia,2016,EU,5.995,1.16891,1.26999,0.78902,0.31751,0.16893,0.03431,51
Croatia,2016,EU,5.759,1.08254,0.79624,0.78805,0.25883,0.05444,0.0243,49
Malaysia,2016,AS,5.77,1.12486,1.07023,0.72394,0.53024,0.33075,0.10501,49
Hungary,2016,EU,4.8,1.12094,1.20215,0.75905,0.32112,0.128,0.02758,48
Jordan,2016,AS,5.192,0.90198,1.05392,0.69639,0.40661,0.11053,0.14293,48
Romania,2016,EU,5.124,1.04345,0.88588,0.7689,0.35068,0.13748,0.00649,48
Italy,2016,EU,5.948,1.25114,1.19777,0.95446,0.26236,0.22823,0.02901,47
Saudi Arabia,2016,AS,6.411,1.39541,1.08393,0.72025,0.31048,0.13706,0.32524,46
Montenegro,2016,EU,5.192,0.97438,0.90557,0.72521,0.1826,0.1614,0.14296,45
Senegal,2016,AF,3.904,0.36498,0.97619,0.4354,0.36772,0.20843,0.10713,45
South Africa,2016,AF,4.642,0.92049,1.18468,0.27688,0.33207,0.11973,0.08884,45
Greece,2016,EU,4.857,1.15406,0.92933,0.88213,0.07699,0,0.01397,44
Bahrain,2016,AS,5.96,1.32376,1.21624,0.74716,0.45492,0.17362,0.306,43
Ghana,2016,AF,4.633,0.54558,0.67954,0.40132,0.42342,0.23087,0.04355,43
Burkina Faso,2016,AF,3.587,0.25812,0.85188,0.27125,0.39493,0.21747,0.12832,42
Serbia,2016,EU,5.123,0.92053,1.00964,0.74836,0.20107,0.19231,0.02617,42
Bulgaria,2016,EU,4.218,1.01216,1.10614,0.76649,0.30587,0.11921,0.00872,41
Kuwait,2016,AS,6.295,1.55422,1.16594,0.72492,0.55499,0.16228,0.25609,41
Tunisia,2016,AF,4.739,0.88113,0.60429,0.73793,0.26268,0.06431,0.06358,41
Turkey,2016,AS,5.332,1.06098,0.94632,0.73172,0.22815,0.12253,0.15746,41
Belarus,2016,EU,5.813,1.03192,1.23289,0.73608,0.37938,0.11046,0.1909,40
Brazil,2016,SA,6.983,0.98124,1.23287,0.69702,0.49049,0.14574,0.17521,40
China,2016,AS,5.14,0.89012,0.94675,0.81658,0.51697,0.08185,0.02781,40
India,2016,AS,4.565,0.64499,0.38174,0.51529,0.39786,0.26475,0.08492,40
Albania,2016,EU,4.959,0.87867,0.80434,0.81325,0.35733,0.14272,0.06413,39
Bosnia and Herzegovina,2016,EU,4.949,0.83223,0.91916,0.79081,0.09245,0.24808,0.00227,39
Jamaica,2016,SA,5.709,0.81038,1.15102,0.68741,0.50442,0.2123,0.02299,39
Mongolia,2016,AS,4.874,0.82819,1.3006,0.60268,0.43626,0.3323,0.02666,38
Panama,2016,SA,6.786,1.06353,1.1985,0.79661,0.5421,0.24434,0.0927,38
Zambia,2016,AF,5.129,0.47038,0.91612,0.29924,0.48827,0.19591,0.12468,38
Colombia,2016,SA,6.477,0.91861,1.24018,0.69077,0.53466,0.18401,0.0512,37
Indonesia,2016,AS,5.399,0.82827,1.08708,0.63793,0.46611,0.51535,0,37
Liberia,2016,AF,4.571,0.0712,0.78968,0.34201,0.28531,0.24362,0.06232,37
Morocco,2016,AF,5.013,0.73479,0.64095,0.60954,0.41691,0.07172,0.08546,37
Argentina,2016,SA,6.574,1.05351,1.24823,0.78723,0.44974,0.11451,0.08484,36
Benin,2016,AF,3.34,0.28665,0.35386,0.3191,0.4845,0.1826,0.0801,36
El Salvador,2016,SA,6.13,0.76454,1.02507,0.67737,0.4035,0.10692,0.11776,36
Kosovo,2016,EU,5.589,0.80148,0.81198,0.63132,0.24749,0.2831,0.04741,36
Sri Lanka,2016,AS,4.271,0.83524,1.01905,0.70806,0.53726,0.40828,0.09179,36
Gabon,2016,AF,3.896,1.06024,0.90528,0.43372,0.31914,0.06822,0.11091,35
Niger,2016,AF,3.845,0.0694,0.77265,0.29707,0.47692,0.19387,0.15639,35
Peru,2016,SA,5.824,0.90019,0.97459,0.73017,0.41496,0.14982,0.05989,35
Philippines,2016,AS,5.073,0.70532,1.03516,0.58114,0.62545,0.24991,0.12279,35
Thailand,2016,AS,6.455,0.9669,1.26504,0.7385,0.55664,0.5763,0.03187,35
Algeria,2016,AF,5.605,0.93929,1.07772,0.61766,0.28579,0.07822,0.17383,34
Egypt,2016,AF,4.194,0.8818,0.747,0.61712,0.17288,0.11291,0.06324,34
Ethiopia,2016,AF,4.512,0.19073,0.60406,0.44055,0.4345,0.24325,0.15048,34
Armenia,2016,AS,4.35,0.76821,0.77711,0.7299,0.19847,0.07855,0.039,33
Bolivia,2016,SA,5.89,0.68133,0.97841,0.5392,0.57414,0.20536,0.088,33
Vietnam,2016,AS,5.36,0.63216,0.91226,0.74676,0.59444,0.1686,0.10441,33
Mali,2016,AF,3.995,0.26074,1.03526,0.20583,0.38857,0.18798,0.12352,32
Pakistan,2016,AS,5.194,0.59543,0.41411,0.51466,0.12102,0.33671,0.10464,32
Tanzania,2016,AF,3.781,0.2852,1.00268,0.38215,0.32878,0.34377,0.05747,32
Togo,2016,AF,2.839,0.20868,0.13995,0.28443,0.36453,0.16681,0.10731,32
Dominican Republic,2016,SA,4.885,0.89537,1.17202,0.66825,0.57672,0.21684,0.14234,31
Ecuador,2016,SA,5.975,0.86402,0.99903,0.79075,0.48574,0.11541,0.1809,31
Malawi,2016,AF,4.292,0.01604,0.41134,0.22562,0.43054,0.33128,0.06977,31
Azerbaijan,2016,AS,5.212,1.02389,0.93793,0.64045,0.3703,0.07799,0.16065,30
Honduras,2016,SA,4.788,0.59532,0.95348,0.6951,0.40148,0.23027,0.06825,30
Mexico,2016,NA,7.187,1.02054,0.91451,0.81444,0.48181,0.14074,0.21312,30
Moldova,2016,EU,5.889,0.59448,1.01528,0.61826,0.32818,0.20951,0.01615,30
Paraguay,2016,SA,5.878,0.75985,1.30477,0.66098,0.53899,0.3424,0.08242,30
Sierra Leone,2016,AF,4.507,0.33024,0.95571,0,0.4084,0.21488,0.08786,30
Iran,2016,AS,4.686,1.0088,0.54447,0.69805,0.30033,0.38086,0.05863,29
Kazakhstan,2016,AS,5.855,1.12254,1.12241,0.64368,0.51649,0.11827,0.08454,29
Nepal,2016,AS,4.514,0.35997,0.86449,0.56874,0.38282,0.32296,0.05907,29
Russia,2016,EU,5.716,1.13764,1.23617,0.66926,0.36679,0.00199,0.03005,29
Ukraine,2016,EU,4.681,0.79907,1.20278,0.6739,0.25123,0.15275,0.02961,29
Guatemala,2016,SA,6.123,0.74553,1.04356,0.64425,0.57733,0.27489,0.09472,28
Kyrgyzstan,2016,AS,5.286,0.47428,1.15115,0.65088,0.43477,0.3003,0.04232,28
Lebanon,2016,AS,4.839,1.02564,0.80001,0.83947,0.33916,0.21854,0.04582,28
Myanmar,2016,AS,4.307,0.27108,0.70905,0.48246,0.44017,0.79588,0.19034,28
Nigeria,2016,AF,5.268,0.65435,0.90432,0.16007,0.34334,0.27233,0.0403,28
Guinea,2016,SA,3.656,0.17417,0.46475,0.24009,0.37725,0.28657,0.12139,27
Mauritania,2016,AF,4.436,0.45407,0.86908,0.35874,0.24232,0.219,0.17461,27
Bangladesh,2016,AS,4.694,0.39753,0.43106,0.60164,0.4082,0.21222,0.12569,26
Cameroon,2016,AF,4.252,0.4225,0.88767,0.23402,0.49309,0.20618,0.05786,26
Kenya,2016,AF,4.419,0.36471,0.99876,0.41435,0.42215,0.37542,0.05839,26
Madagascar,2016,AF,3.681,0.20824,0.66801,0.46721,0.19184,0.21333,0.08124,26
Nicaragua,2016,SA,5.828,0.59325,1.14184,0.74314,0.55475,0.27815,0.19317,26
Tajikistan,2016,AS,4.786,0.39047,0.85563,0.57379,0.47216,0.22974,0.15072,25
Uganda,2016,AF,3.931,0.21102,1.13299,0.33861,0.45727,0.29066,0.07267,25
Turkmenistan,2016,AS,5.548,0.95847,1.22668,0.53886,0.4761,0.16979,0.30844,22
Zimbabwe,2016,AF,4.61,0.271,1.03276,0.33475,0.25861,0.18987,0.08079,22
Cambodia,2016,AS,3.819,0.46038,0.62736,0.61114,0.66246,0.40359,0.07247,21
Uzbekistan,2016,AS,6.003,0.63244,1.34043,0.59772,0.65821,0.22837,0.30826,21
Burundi,2016,AF,2.905,0.0153,0.41587,0.22396,0.1185,0.19727,0.10062,20
Chad,2016,AF,3.667,0.34193,0.76062,0.1501,0.23501,0.18386,0.05269,20
Haiti,2016,SA,4.518,0.26673,0.74302,0.38847,0.24425,0.46187,0.17175,20
Iraq,2016,AS,4.677,0.98549,0.81889,0.60237,0,0.17922,0.13788,17
Venezuela,2016,SA,6.81,1.04424,1.25596,0.72052,0.42908,0.05841,0.11069,17
Afghanistan,2016,AS,3.575,0.31982,0.30285,0.30335,0.23414,0.3651,0.09719,15
Libya,2016,AF,5.754,1.13145,1.11862,0.7038,0.41668,0.18295,0.11023,14
Yemen,2016,AS,4.077,0.54649,0.68093,0.40064,0.35571,0.09131,0.07854,14
New Zealand,2017,AU,7.307,1.303,0,1.026,0.585,0.33,0.38,89
Denmark,2017,EU,7.6,1.383,0,0.996,0.592,0.252,0.41,88
Finland,2017,EU,7.769,1.34,0,0.986,0.596,0.153,0.393,85
Norway,2017,EU,7.554,1.488,0,1.028,0.603,0.271,0.341,85
Switzerland,2017,EU,7.48,1.452,0,1.052,0.572,0.263,0.343,85
Singapore,2017,AS,6.262,1.572,0,1.141,0.556,0.271,0.453,84
Sweden,2017,EU,7.343,1.387,0,1.009,0.574,0.267,0.373,84
Canada,2017,NA,7.278,1.365,0,1.039,0.584,0.285,0.308,82
Luxembourg,2017,EU,7.09,1.609,0,1.012,0.526,0.194,0.316,82
Netherlands,2017,EU,7.488,1.396,0,0.999,0.557,0.322,0.298,82
United Kingdom,2017,EU,7.054,1.333,0,0.996,0.45,0.348,0.278,82
Germany,2017,EU,6.985,1.373,0,0.987,0.495,0.261,0.265,81
Australia,2017,AU,7.228,1.372,0,1.036,0.557,0.332,0.29,77
Iceland,2017,EU,7.494,1.38,0,1.026,0.591,0.354,0.118,77
Austria,2017,EU,7.246,1.376,0,1.016,0.532,0.244,0.226,75
Belgium,2017,EU,6.923,1.356,0,0.986,0.473,0.16,0.21,75
United States,2017,NA,6.892,1.433,0,0.874,0.454,0.28,0.128,75
Ireland,2017,EU,7.021,1.499,0,0.999,0.516,0.298,0.31,74
Japan,2017,AS,5.886,1.327,0,1.088,0.445,0.069,0.14,73
Estonia,2017,EU,5.893,1.237,0,0.874,0.495,0.103,0.161,71
United Arab Emirates,2017,AS,6.825,1.503,0,0.825,0.598,0.262,0.182,71
France,2017,EU,6.592,1.324,0,1.045,0.436,0.111,0.183,70
Uruguay,2017,SA,6.293,1.124,0,0.891,0.523,0.127,0.15,70
Chile,2017,SA,6.444,1.159,0,0.92,0.357,0.187,0.056,67
Portugal,2017,EU,5.693,1.221,0,0.999,0.508,0.047,0.025,63
Israel,2017,AS,7.139,1.276,0,1.029,0.371,0.261,0.082,62
Botswana,2017,AF,3.488,1.041,0,0.538,0.455,0.025,0.1,61
Slovenia,2017,EU,6.118,1.258,0,0.953,0.564,0.144,0.057,61
Poland,2017,EU,6.182,1.206,0,0.884,0.483,0.117,0.05,60
Costa Rica,2017,SA,7.167,1.034,0,0.963,0.558,0.144,0.093,59
Lithuania,2017,EU,6.149,1.238,0,0.818,0.291,0.043,0.042,59
Latvia,2017,EU,5.94,1.187,0,0.812,0.264,0.075,0.064,58
Cyprus,2017,AS,6.046,1.263,0,1.042,0.406,0.19,0.041,57
Spain,2017,EU,6.354,1.286,0,1.062,0.362,0.153,0.079,57
Georgia,2017,AS,4.519,0.886,0,0.752,0.346,0.043,0.164,56
Malta,2017,EU,6.726,1.3,0,0.999,0.564,0.375,0.151,56
Rwanda,2017,AF,3.334,0.359,0,0.614,0.555,0.217,0.411,55
Italy,2017,EU,6.223,1.294,0,1.039,0.231,0.158,0.03,50
Mauritius,2017,AF,5.888,1.12,0,0.798,0.498,0.215,0.06,50
Slovakia,2017,EU,6.198,1.246,0,0.881,0.334,0.121,0.014,50
Croatia,2017,EU,5.432,1.155,0,0.914,0.296,0.119,0.022,49
Saudi Arabia,2017,AS,6.375,1.403,0,0.795,0.439,0.08,0.132,49
Greece,2017,EU,5.287,1.181,0,0.999,0.067,0,0.034,48
Jordan,2017,AS,4.906,0.837,0,0.815,0.383,0.11,0.13,48
Romania,2017,EU,6.07,1.162,0,0.825,0.462,0.083,0.005,48
Malaysia,2017,AS,5.339,1.221,0,0.828,0.508,0.26,0.024,47
Montenegro,2017,EU,5.523,1.051,0,0.871,0.197,0.142,0.08,46
Hungary,2017,EU,5.758,1.201,0,0.828,0.199,0.081,0.02,45
Senegal,2017,AF,4.681,0.45,0,0.571,0.292,0.153,0.072,45
Belarus,2017,EU,5.323,1.067,0,0.789,0.235,0.094,0.142,44
Jamaica,2017,SA,5.89,0.831,0,0.831,0.49,0.107,0.028,44
South Africa,2017,AF,4.722,0.96,0,0.469,0.389,0.13,0.055,43
Bulgaria,2017,EU,5.011,1.092,0,0.815,0.311,0.081,0.004,42
Burkina Faso,2017,AF,4.587,0.331,0,0.38,0.255,0.177,0.113,42
Tunisia,2017,AF,4.461,0.921,0,0.815,0.167,0.059,0.055,42
China,2017,AS,5.191,1.029,0,0.893,0.521,0.058,0.1,41
Serbia,2017,EU,5.603,1.004,0,0.854,0.282,0.137,0.039,41
Ghana,2017,AF,4.996,0.611,0,0.486,0.381,0.245,0.04,40
India,2017,AS,4.015,0.755,0,0.588,0.498,0.2,0.085,40
Morocco,2017,AF,5.208,0.801,0,0.782,0.418,0.036,0.076,40
Turkey,2017,AS,5.373,1.183,0,0.808,0.195,0.083,0.106,40
Argentina,2017,SA,6.086,1.092,0,0.881,0.471,0.066,0.05,39
Benin,2017,AF,4.883,0.393,0,0.397,0.349,0.175,0.082,39
Kosovo,2017,EU,6.1,0.882,0,0.758,0.489,0.262,0.006,39
Kuwait,2017,AS,6.021,1.5,0,0.808,0.493,0.142,0.097,39
Albania,2017,EU,4.719,0.947,0,0.874,0.383,0.178,0.027,38
Bosnia and Herzegovina,2017,EU,5.386,0.945,0,0.845,0.212,0.263,0.006,38
Sri Lanka,2017,AS,4.366,0.949,0,0.831,0.47,0.244,0.047,38
Brazil,2017,SA,6.3,1.004,0,0.802,0.39,0.099,0.086,37
Colombia,2017,SA,6.125,0.985,0,0.841,0.47,0.099,0.034,37
Indonesia,2017,AS,5.192,0.931,0,0.66,0.491,0.498,0.028,37
Panama,2017,SA,6.321,1.149,0,0.91,0.516,0.109,0.054,37
Peru,2017,SA,5.697,0.96,0,0.854,0.455,0.083,0.027,37
Thailand,2017,AS,6.008,1.05,0,0.828,0.557,0.359,0.028,37
Zambia,2017,AF,4.107,0.578,0,0.426,0.431,0.247,0.087,37
Bahrain,2017,AS,6.199,1.362,0,0.871,0.536,0.255,0.11,36
Mongolia,2017,AS,5.285,0.948,0,0.667,0.317,0.235,0.038,36
Tanzania,2017,AF,3.231,0.476,0,0.499,0.417,0.276,0.147,36
Armenia,2017,AS,4.559,0.85,0,0.815,0.283,0.095,0.064,35
Ethiopia,2017,AF,4.286,0.336,0,0.532,0.344,0.209,0.1,35
Vietnam,2017,AS,5.175,0.741,0,0.851,0.543,0.147,0.073,35
Philippines,2017,AS,5.631,0.807,0,0.657,0.558,0.117,0.107,34
Algeria,2017,AF,5.211,1.002,0,0.785,0.086,0.073,0.114,33
Bolivia,2017,SA,5.779,0.776,0,0.706,0.511,0.137,0.064,33
El Salvador,2017,SA,6.253,0.794,0,0.789,0.43,0.093,0.074,33
Niger,2017,AF,4.628,0.138,0,0.366,0.318,0.188,0.102,33
Ecuador,2017,SA,6.028,0.912,0,0.868,0.498,0.126,0.087,32
Egypt,2017,AF,4.166,0.913,0,0.644,0.241,0.076,0.067,32
Gabon,2017,AF,4.799,1.057,0,0.571,0.295,0.043,0.055,32
Pakistan,2017,AS,5.653,0.677,0,0.535,0.313,0.22,0.098,32
Togo,2017,AF,4.085,0.275,0,0.41,0.293,0.177,0.085,32
Azerbaijan,2017,AS,5.208,1.043,0,0.769,0.351,0.035,0.182,31
Kazakhstan,2017,AS,5.809,1.173,0,0.729,0.41,0.146,0.096,31
Liberia,2017,AF,3.975,0.073,0,0.443,0.37,0.233,0.033,31
Malawi,2017,AF,3.41,0.191,0,0.495,0.443,0.218,0.089,31
Mali,2017,AF,4.39,0.385,0,0.308,0.327,0.153,0.052,31
Moldova,2017,EU,5.529,0.685,0,0.739,0.245,0.181,0,31
Nepal,2017,AS,4.913,0.446,0,0.677,0.439,0.285,0.089,31
Iran,2017,AS,4.548,1.1,0,0.785,0.305,0.27,0.125,30
Myanmar,2017,AS,4.36,0.71,0,0.555,0.525,0.566,0.172,30
Sierra Leone,2017,AF,4.374,0.268,0,0.242,0.309,0.252,0.045,30
Ukraine,2017,EU,4.332,0.82,0,0.739,0.178,0.187,0.01,30
Dominican Republic,2017,SA,5.425,1.015,0,0.779,0.497,0.113,0.101,29
Honduras,2017,SA,5.86,0.642,0,0.828,0.507,0.246,0.078,29
Kyrgyzstan,2017,AS,5.261,0.551,0,0.723,0.508,0.3,0.023,29
Mexico,2017,NA,6.595,1.07,0,0.861,0.433,0.074,0.073,29
Paraguay,2017,SA,5.743,0.855,0,0.777,0.514,0.184,0.08,29
Russia,2017,EU,5.648,1.183,0,0.726,0.334,0.082,0.031,29
Bangladesh,2017,AS,4.456,0.562,0,0.723,0.527,0.166,0.143,28
Guatemala,2017,SA,6.436,0.8,0,0.746,0.535,0.175,0.078,28
Kenya,2017,AF,4.509,0.512,0,0.581,0.431,0.372,0.053,28
Lebanon,2017,AS,5.197,0.987,0,0.815,0.216,0.166,0.027,28
Mauritania,2017,AF,4.49,0.57,0,0.489,0.066,0.106,0.088,28
Guinea,2017,SA,4.534,0.38,0,0.375,0.332,0.207,0.086,27
Nigeria,2017,AF,5.265,0.696,0,0.245,0.426,0.215,0.041,27
Nicaragua,2017,SA,6.105,0.694,0,0.835,0.435,0.2,0.127,26
Uganda,2017,AF,4.189,0.332,0,0.443,0.356,0.252,0.06,26
Cameroon,2017,AF,5.044,0.549,0,0.331,0.381,0.187,0.037,25
Madagascar,2017,AF,3.933,0.274,0,0.555,0.148,0.169,0.041,24
Burundi,2017,AF,3.775,0.046,0,0.38,0.22,0.176,0.18,22
Haiti,2017,SA,3.597,0.323,0,0.449,0.026,0.419,0.11,22
Uzbekistan,2017,AS,6.174,0.745,0,0.756,0.631,0.322,0.24,22
Zimbabwe,2017,AF,3.663,0.366,0,0.433,0.361,0.151,0.089,22
Cambodia,2017,AS,4.7,0.574,0,0.637,0.609,0.232,0.062,21
Tajikistan,2017,AS,5.467,0.493,0,0.718,0.389,0.23,0.144,21
Chad,2017,AF,4.35,0.35,0,0.192,0.174,0.198,0.078,20
Turkmenistan,2017,AS,5.247,1.052,0,0.657,0.394,0.244,0.028,19
Iraq,2017,AS,4.437,1.043,0,0.574,0.241,0.148,0.089,18
Venezuela,2017,SA,4.707,0.96,0,0.805,0.154,0.064,0.047,18
Libya,2017,AF,5.525,1.044,0,0.673,0.416,0.133,0.152,17
Yemen,2017,AS,3.38,0.287,0,0.463,0.143,0.108,0.077,16
Afghanistan,2017,AS,3.203,0.35,0,0.361,0,0.158,0.025,15
Denmark,2018,EU,7.555,1.351,0,0.868,0.683,0.284,0.408,88
New Zealand,2018,AU,7.324,1.268,0,0.876,0.669,0.365,0.389,87
Finland,2018,EU,7.632,1.305,0,0.874,0.681,0.202,0.393,85
Singapore,2018,AS,6.343,1.529,0,1.008,0.631,0.261,0.457,85
Sweden,2018,EU,7.314,1.355,0,0.913,0.659,0.285,0.383,85
Switzerland,2018,EU,7.487,1.42,0,0.927,0.66,0.256,0.357,85
Norway,2018,EU,7.594,1.456,0,0.861,0.686,0.286,0.34,84
Netherlands,2018,EU,7.441,1.361,0,0.878,0.638,0.333,0.295,82
Canada,2018,NA,7.328,1.33,0,0.896,0.653,0.321,0.291,81
Luxembourg,2018,EU,6.91,1.576,0,0.896,0.632,0.196,0.321,81
Germany,2018,EU,6.965,1.34,0,0.861,0.586,0.273,0.28,80
United Kingdom,2018,EU,7.19,1.244,0,0.888,0.464,0.262,0.082,80
Australia,2018,AU,7.272,1.34,0,0.91,0.647,0.361,0.302,77
Austria,2018,EU,7.139,1.341,0,0.891,0.617,0.242,0.224,76
Iceland,2018,EU,7.495,1.343,0,0.914,0.677,0.353,0.138,76
Belgium,2018,EU,6.927,1.324,0,0.894,0.583,0.188,0.24,75
Estonia,2018,EU,5.739,1.2,0,0.737,0.553,0.086,0.174,73
Ireland,2018,EU,6.977,1.448,0,0.876,0.614,0.307,0.306,73
Japan,2018,AS,5.915,1.294,0,0.988,0.553,0.079,0.15,73
France,2018,EU,6.489,1.293,0,0.908,0.52,0.098,0.176,72
United States,2018,NA,6.886,1.398,0,0.819,0.547,0.291,0.133,71
United Arab Emirates,2018,AS,6.774,2.096,0,0.67,0.284,0.186,0.312,70
Uruguay,2018,SA,6.379,1.093,0,0.771,0.625,0.13,0.155,70
Chile,2018,SA,6.476,1.131,0,0.808,0.431,0.197,0.061,67
Portugal,2018,EU,5.41,1.188,0,0.884,0.562,0.055,0.017,64
Botswana,2018,AF,3.59,1.017,0,0.417,0.557,0.042,0.092,61
Israel,2018,AS,6.814,1.301,0,0.883,0.533,0.354,0.272,61
Poland,2018,EU,6.123,1.176,0,0.781,0.546,0.108,0.064,60
Slovenia,2018,EU,5.948,1.219,0,0.856,0.633,0.16,0.051,60
Cyprus,2018,AS,5.762,1.229,0,0.909,0.423,0.202,0.035,59
Lithuania,2018,EU,5.952,1.197,0,0.716,0.35,0.026,0.006,59
Georgia,2018,AS,4.34,0.853,0,0.643,0.375,0.038,0.215,58
Latvia,2018,EU,5.933,1.148,0,0.671,0.363,0.092,0.066,58
Spain,2018,EU,6.31,1.251,0,0.965,0.449,0.142,0.074,58
Costa Rica,2018,SA,7.072,1.01,0,0.817,0.632,0.143,0.101,56
Rwanda,2018,AF,3.408,0.332,0,0.4,0.636,0.2,0.444,56
Malta,2018,EU,6.627,1.27,0,0.884,0.645,0.376,0.142,54
Italy,2018,EU,6,1.264,0,0.946,0.281,0.137,0.028,52
Mauritius,2018,AF,5.891,1.09,0,0.684,0.584,0.245,0.05,51
Slovakia,2018,EU,6.173,1.21,0,0.776,0.354,0.118,0.014,50
Jordan,2018,AS,5.161,0.822,0,0.645,0.468,0.13,0.134,49
Saudi Arabia,2018,AS,6.371,1.379,0,0.633,0.509,0.098,0.127,49
Croatia,2018,EU,5.321,1.115,0,0.737,0.38,0.12,0.039,48
Malaysia,2018,AS,6.322,1.161,0,0.669,0.356,0.311,0.059,47
Romania,2018,EU,5.945,1.116,0,0.726,0.528,0.088,0.001,47
Hungary,2018,EU,5.62,1.171,0,0.732,0.259,0.061,0.022,46
Greece,2018,EU,5.358,1.154,0,0.879,0.131,0,0.044,45
Montenegro,2018,EU,5.347,1.017,0,0.729,0.259,0.111,0.081,45
Senegal,2018,AF,4.631,0.429,0,0.433,0.406,0.138,0.082,45
Belarus,2018,EU,5.483,1.039,0,0.7,0.307,0.101,0.154,44
Jamaica,2018,SA,5.89,0.819,0,0.693,0.575,0.096,0.031,44
Bulgaria,2018,EU,4.933,1.054,0,0.712,0.359,0.064,0.009,43
Morocco,2018,AF,5.254,0.779,0,0.669,0.46,0.026,0.074,43
South Africa,2018,AF,4.724,0.94,0,0.33,0.516,0.103,0.056,43
Tunisia,2018,AF,4.592,0.9,0,0.69,0.271,0.04,0.063,43
Burkina Faso,2018,AF,4.424,0.314,0,0.254,0.312,0.175,0.128,41
Ghana,2018,AF,4.657,0.592,0,0.337,0.499,0.212,0.029,41
India,2018,AS,4.19,0.721,0,0.485,0.539,0.172,0.093,41
Kuwait,2018,AS,6.083,1.474,0,0.675,0.554,0.167,0.106,41
Turkey,2018,AS,5.483,1.148,0,0.686,0.324,0.106,0.109,41
Argentina,2018,SA,6.388,1.073,0,0.744,0.57,0.062,0.054,40
Benin,2018,AF,4.141,0.378,0,0.24,0.44,0.163,0.067,40
China,2018,AS,5.246,0.989,0,0.799,0.597,0.029,0.103,39
Serbia,2018,EU,5.398,0.975,0,0.685,0.288,0.134,0.043,39
Bosnia and Herzegovina,2018,EU,5.129,0.915,0,0.758,0.28,0.216,0,38
Indonesia,2018,AS,5.093,0.899,0,0.522,0.538,0.484,0.018,38
Sri Lanka,2018,AS,4.471,0.918,0,0.672,0.585,0.307,0.05,38
Kosovo,2018,EU,5.662,0.855,0,0.578,0.448,0.274,0.023,37
Mongolia,2018,AS,5.125,0.914,0,0.575,0.395,0.253,0.032,37
Panama,2018,SA,6.43,1.112,0,0.759,0.597,0.125,0.063,37
Albania,2018,EU,4.586,0.916,0,0.79,0.419,0.149,0.032,36
Bahrain,2018,AS,6.105,1.338,0,0.698,0.594,0.243,0.123,36
Colombia,2018,SA,6.26,0.96,0,0.635,0.531,0.099,0.039,36
Philippines,2018,AS,5.524,0.775,0,0.513,0.643,0.12,0.105,36
Tanzania,2018,AF,3.303,0.455,0,0.381,0.481,0.27,0.097,36
Thailand,2018,AS,6.072,1.016,0,0.707,0.637,0.364,0.029,36
Algeria,2018,AF,5.295,0.979,0,0.687,0.077,0.055,0.135,35
Armenia,2018,AS,4.321,0.816,0,0.666,0.26,0.077,0.028,35
Brazil,2018,SA,6.419,0.986,0,0.675,0.493,0.11,0.088,35
Egypt,2018,AF,4.419,0.885,0,0.553,0.312,0.092,0.107,35
El Salvador,2018,SA,6.167,0.806,0,0.639,0.461,0.065,0.082,35
Peru,2018,SA,5.663,0.934,0,0.674,0.53,0.092,0.034,35
Zambia,2018,AF,4.377,0.562,0,0.295,0.503,0.221,0.082,35
Ecuador,2018,SA,5.973,0.889,0,0.736,0.556,0.114,0.12,34
Ethiopia,2018,AF,4.35,0.308,0,0.391,0.452,0.22,0.146,34
Niger,2018,AF,4.166,0.131,0,0.221,0.39,0.175,0.099,34
Moldova,2018,EU,5.64,0.657,0,0.62,0.232,0.171,0,33
Pakistan,2018,AS,5.472,0.652,0,0.424,0.334,0.216,0.113,33
Vietnam,2018,AS,5.103,0.715,0,0.702,0.618,0.177,0.079,33
Liberia,2018,AF,3.495,0.076,0,0.267,0.419,0.206,0.03,32
Malawi,2018,AF,3.587,0.186,0,0.306,0.531,0.21,0.08,32
Mali,2018,AF,4.447,0.37,0,0.152,0.367,0.139,0.056,32
Ukraine,2018,EU,4.103,0.793,0,0.609,0.163,0.187,0.011,32
Gabon,2018,AF,4.758,1.036,0,0.404,0.356,0.032,0.052,31
Kazakhstan,2018,AS,5.79,1.143,0,0.631,0.454,0.148,0.121,31
Nepal,2018,AS,4.88,0.425,0,0.539,0.526,0.302,0.078,31
Dominican Republic,2018,SA,5.302,0.982,0,0.614,0.578,0.12,0.106,30
Sierra Leone,2018,AF,4.571,0.256,0,0,0.355,0.238,0.053,30
Togo,2018,AF,3.999,0.259,0,0.253,0.434,0.158,0.101,30
Bolivia,2018,SA,5.752,0.751,0,0.508,0.606,0.141,0.054,29
Honduras,2018,SA,5.504,0.62,0,0.622,0.459,0.197,0.074,29
Kyrgyzstan,2018,AS,5.131,0.53,0,0.594,0.54,0.281,0.035,29
Myanmar,2018,AS,4.308,0.682,0,0.429,0.58,0.598,0.178,29
Paraguay,2018,SA,5.681,0.835,0,0.615,0.541,0.162,0.074,29
Guinea,2018,SA,3.964,0.344,0,0.211,0.394,0.185,0.094,28
Iran,2018,AS,4.707,1.059,0,0.691,0.459,0.282,0.129,28
Lebanon,2018,AS,5.358,0.965,0,0.785,0.503,0.214,0.136,28
Mexico,2018,NA,6.488,1.038,0,0.761,0.479,0.069,0.095,28
Russia,2018,EU,5.81,1.151,0,0.599,0.399,0.065,0.025,28
Guatemala,2018,SA,6.382,0.781,0,0.608,0.604,0.179,0.071,27
Kenya,2018,AF,4.41,0.493,0,0.454,0.504,0.352,0.055,27
Mauritania,2018,AF,4.356,0.557,0,0.292,0.129,0.134,0.093,27
Nigeria,2018,AF,5.155,0.689,0,0.048,0.462,0.201,0.032,27
Bangladesh,2018,AS,4.5,0.532,0,0.579,0.58,0.153,0.144,26
Uganda,2018,AF,4.161,0.322,0,0.237,0.45,0.259,0.061,26
Azerbaijan,2018,AS,5.201,1.024,0,0.603,0.43,0.031,0.176,25
Cameroon,2018,AF,4.975,0.535,0,0.182,0.454,0.183,0.043,25
Madagascar,2018,AF,3.774,0.262,0,0.402,0.221,0.155,0.049,25
Nicaragua,2018,SA,6.141,0.668,0,0.7,0.527,0.208,0.128,25
Tajikistan,2018,AS,5.199,0.474,0,0.598,0.292,0.187,0.034,25
Uzbekistan,2018,AS,6.096,0.719,0,0.605,0.724,0.328,0.259,23
Zimbabwe,2018,AF,3.692,0.357,0,0.248,0.406,0.132,0.099,22
Cambodia,2018,AS,4.433,0.549,0,0.457,0.696,0.256,0.065,20
Haiti,2018,SA,3.582,0.315,0,0.289,0.025,0.392,0.104,20
Turkmenistan,2018,AS,5.636,1.016,0,0.517,0.417,0.199,0.037,20
Chad,2018,AF,4.301,0.358,0,0.053,0.189,0.181,0.06,19
Iraq,2018,AS,4.456,1.01,0,0.536,0.304,0.148,0.095,18
Venezuela,2018,SA,4.806,0.996,0,0.657,0.133,0.056,0.052,18
Burundi,2018,AF,2.905,0.091,0,0.145,0.065,0.149,0.076,17
Libya,2018,AF,5.566,0.985,0,0.553,0.496,0.116,0.148,17
Afghanistan,2018,AS,3.632,0.332,0,0.255,0.085,0.191,0.036,16
Yemen,2018,AS,3.355,0.442,0,0.343,0.244,0.083,0.064,14
Denmark,2019,EU,7.526,1.44178,1.16374,0.79504,0.57941,0.36171,0.44453,87
New Zealand,2019,AU,7.334,1.36066,1.17278,0.83096,0.58147,0.49401,0.41904,87
Finland,2019,EU,7.413,1.40598,1.13464,0.81091,0.57104,0.25492,0.41004,86
Singapore,2019,AS,6.739,1.64555,0.86758,0.94719,0.4877,0.32706,0.46987,85
Sweden,2019,EU,7.291,1.45181,1.08764,0.83121,0.58218,0.38254,0.40867,85
Switzerland,2019,EU,7.509,1.52733,1.14524,0.86303,0.58557,0.28083,0.41203,85
Norway,2019,EU,7.498,1.57744,1.1269,0.79579,0.59609,0.37895,0.35776,84
Netherlands,2019,EU,7.339,1.46468,1.02912,0.81231,0.55211,0.47416,0.29927,82
Germany,2019,EU,6.994,1.44787,1.09774,0.81487,0.53466,0.30452,0.28551,80
Luxembourg,2019,EU,6.871,1.69752,1.03999,0.84542,0.5487,0.27571,0.35329,80
Iceland,2019,EU,7.501,1.42666,1.18326,0.86733,0.56624,0.47678,0.14975,78
Australia,2019,AU,7.313,1.44443,1.10476,0.8512,0.56837,0.47407,0.32331,77
Austria,2019,EU,7.119,1.45038,1.08383,0.80565,0.54355,0.32865,0.21348,77
Canada,2019,NA,7.404,1.44015,1.0961,0.8276,0.5737,0.44834,0.31329,77
United Kingdom,2019,EU,6.725,1.40283,1.08672,0.80991,0.50036,0.50156,0.27399,77
Belgium,2019,EU,6.929,1.42539,1.05249,0.81959,0.51354,0.2424,0.26248,75
Estonia,2019,EU,5.517,1.27964,1.05163,0.68098,0.41511,0.08423,0.18519,74
Ireland,2019,EU,6.907,1.48341,1.16157,0.81455,0.54008,0.44963,0.29754,74
Japan,2019,AS,5.921,1.38007,1.06054,0.91491,0.46761,0.10224,0.18985,73
United Arab Emirates,2019,AS,6.573,1.57352,0.87114,0.72993,0.56215,0.26591,0.35561,71
Uruguay,2019,SA,6.545,1.18157,1.03143,0.72183,0.54388,0.18056,0.21394,71
France,2019,EU,6.478,1.39488,1.00508,0.83795,0.46562,0.1216,0.17808,69
United States,2019,NA,7.104,1.50796,1.04782,0.779,0.48163,0.41077,0.14868,69
Chile,2019,SA,6.705,1.2167,0.90587,0.81883,0.37789,0.31595,0.11451,67
Portugal,2019,EU,5.123,1.27607,0.94367,0.79363,0.44727,0.11691,0.01521,62
Spain,2019,EU,6.361,1.34253,1.12945,0.87896,0.37545,0.17665,0.06137,62
Botswana,2019,AF,3.974,1.09426,0.89186,0.34752,0.44089,0.12425,0.10769,61
Israel,2019,AS,7.267,1.33766,0.99537,0.84917,0.36432,0.32288,0.08728,60
Lithuania,2019,EU,5.813,1.2692,1.06411,0.64674,0.18929,0.02025,0.0182,60
Slovenia,2019,EU,5.768,1.29947,1.05613,0.79151,0.53164,0.25738,0.03635,60
Cyprus,2019,AS,5.546,1.31857,0.70697,0.8488,0.29507,0.27906,0.05228,58
Poland,2019,EU,5.835,1.24585,1.04685,0.69058,0.4519,0.14443,0.055,58
Costa Rica,2019,SA,7.087,1.06879,1.02152,0.76146,0.55225,0.22553,0.10547,56
Georgia,2019,AS,4.252,0.83792,0.19249,0.64035,0.32461,0.06786,0.3188,56
Latvia,2019,EU,5.56,1.21788,0.95025,0.63952,0.27996,0.17445,0.0889,56
Malta,2019,EU,6.488,1.30782,1.09879,0.80315,0.54994,0.56237,0.17554,54
Italy,2019,EU,5.977,1.35495,1.04167,0.85102,0.18827,0.16684,0.02556,53
Malaysia,2019,AS,6.005,1.25142,0.88025,0.62366,0.39031,0.41474,0.09081,53
Rwanda,2019,AF,3.515,0.32846,0.61586,0.31865,0.5432,0.23552,0.50521,53
Saudi Arabia,2019,AS,6.379,1.48953,0.84829,0.59267,0.37904,0.15457,0.30008,53
Mauritius,2019,AF,5.648,1.14372,0.75695,0.66189,0.46145,0.36951,0.05203,52
Slovakia,2019,EU,6.078,1.27973,1.08268,0.70367,0.23391,0.13837,0.02947,50
Greece,2019,EU,5.033,1.24886,0.75473,0.80029,0.05822,0,0.04127,48
Jordan,2019,AS,5.303,0.99673,0.86216,0.60712,0.36023,0.14262,0.13297,48
Croatia,2019,EU,5.488,1.18649,0.60809,0.70524,0.23907,0.18434,0.04002,47
Argentina,2019,SA,6.65,1.15137,1.06612,0.69711,0.42284,0.10989,0.07296,45
Belarus,2019,EU,5.802,1.13062,1.04993,0.63104,0.29091,0.13942,0.17457,45
Montenegro,2019,EU,5.161,1.07838,0.74173,0.63533,0.15111,0.17191,0.12721,45
Senegal,2019,AF,4.219,0.44314,0.77416,0.40457,0.31056,0.19103,0.11681,45
Hungary,2019,EU,5.145,1.24142,0.93164,0.67608,0.1977,0.099,0.04472,44
Romania,2019,EU,5.528,1.1697,0.72803,0.67602,0.36712,0.12889,0.00679,44
South Africa,2019,AF,4.459,1.02416,0.96053,0.18611,0.42483,0.13656,0.08415,44
Bulgaria,2019,EU,4.217,1.11306,0.92542,0.67806,0.21219,0.12793,0.00615,43
Jamaica,2019,SA,5.51,0.89333,0.96372,0.59469,0.43597,0.22245,0.04294,43
Tunisia,2019,AF,5.045,0.97724,0.43165,0.59577,0.23553,0.03936,0.0817,43
Armenia,2019,AS,4.36,0.86086,0.62477,0.64083,0.14037,0.07793,0.03616,42
Bahrain,2019,AS,6.218,1.44024,0.94397,0.65696,0.47375,0.17147,0.25772,42
Benin,2019,AF,3.484,0.39499,0.10419,0.21028,0.39747,0.2018,0.06681,41
China,2019,AS,5.245,1.0278,0.79381,0.73561,0.44012,0.04959,0.02745,41
Ghana,2019,AF,4.276,0.63107,0.49353,0.29681,0.40973,0.21203,0.0326,41
India,2019,AS,4.404,0.74036,0.29247,0.45091,0.40285,0.25028,0.08722,41
Morocco,2019,AF,5.151,0.84058,0.38595,0.59471,0.25646,0.04053,0.08404,41
Burkina Faso,2019,AF,3.739,0.31995,0.63054,0.21297,0.3337,0.24353,0.12533,40
Indonesia,2019,AS,5.314,0.95104,0.87625,0.49374,0.39237,0.56521,0.00322,40
Kuwait,2019,AS,6.239,1.61714,0.87758,0.63569,0.43166,0.15965,0.23669,40
Serbia,2019,EU,5.177,1.03437,0.81329,0.6458,0.15718,0.20737,0.04339,39
Turkey,2019,AS,5.389,1.16492,0.87717,0.64718,0.23889,0.04707,0.12348,39
Ecuador,2019,SA,5.976,0.97306,0.85974,0.68613,0.4027,0.10074,0.18037,38
Sri Lanka,2019,AS,4.415,0.97318,0.84783,0.62007,0.50817,0.46978,0.07964,38
Colombia,2019,SA,6.481,1.03032,1.02169,0.59659,0.44735,0.15626,0.05399,37
Ethiopia,2019,AF,4.508,0.29283,0.37932,0.34578,0.36703,0.29522,0.1717,37
Tanzania,2019,AF,3.666,0.47155,0.77623,0.357,0.3176,0.31472,0.05099,37
Vietnam,2019,AS,5.061,0.74037,0.79117,0.66157,0.55954,0.25075,0.11556,37
Bosnia and Herzegovina,2019,EU,5.163,0.93383,0.64367,0.70766,0.09511,0.29889,0,36
Kosovo,2019,EU,5.401,0.90145,0.66062,0.54,0.14396,0.27992,0.06547,36
Panama,2019,SA,6.701,1.18306,0.98912,0.70835,0.48927,0.2418,0.08423,36
Peru,2019,SA,5.743,0.99602,0.81255,0.62994,0.37502,0.14527,0.05292,36
Thailand,2019,AS,6.474,1.0893,1.04477,0.64915,0.49553,0.58696,0.02833,36
Albania,2019,EU,4.655,0.9553,0.50163,0.73007,0.31866,0.1684,0.05301,35
Algeria,2019,AF,6.355,1.05266,0.83309,0.61804,0.21006,0.07044,0.16157,35
Brazil,2019,SA,6.952,1.08754,1.03938,0.61415,0.40425,0.15776,0.14166,35
Egypt,2019,AF,4.362,0.95395,0.49813,0.52116,0.18847,0.12706,0.10393,35
Mongolia,2019,AS,4.907,0.98853,1.08983,0.55469,0.35972,0.34539,0.03285,35
El Salvador,2019,SA,6.068,0.8737,0.80975,0.596,0.37269,0.08877,0.10613,34
Kazakhstan,2019,AS,5.919,1.22943,0.95544,0.57386,0.4052,0.15011,0.11132,34
Nepal,2019,AS,4.793,0.44626,0.69699,0.50073,0.37012,0.3816,0.07008,34
Philippines,2019,AS,5.279,0.81217,0.87877,0.47036,0.54854,0.21674,0.11757,34
Zambia,2019,AF,4.795,0.61202,0.6376,0.23573,0.42662,0.17866,0.11479,34
Sierra Leone,2019,AF,4.635,0.36485,0.628,0,0.30685,0.23897,0.08196,33
Moldova,2019,EU,5.897,0.69177,0.83132,0.52309,0.25202,0.19997,0.01903,32
Niger,2019,AF,3.856,0.1327,0.6053,0.26162,0.38041,0.2097,0.17176,32
Pakistan,2019,AS,5.132,0.68816,0.26135,0.40306,0.14622,0.31185,0.1388,32
Bolivia,2019,SA,5.822,0.79422,0.83779,0.4697,0.50961,0.21698,0.07746,31
Gabon,2019,AF,4.121,1.15851,0.72368,0.3494,0.28098,0.06244,0.09314,31
Malawi,2019,AF,4.156,0.08709,0.147,0.29364,0.4143,0.30968,0.07564,31
Azerbaijan,2019,AS,5.291,1.12373,0.76042,0.54504,0.35327,0.0564,0.17914,30
Kyrgyzstan,2019,AS,5.185,0.56044,0.95434,0.55449,0.40212,0.38432,0.04762,30
Ukraine,2019,EU,4.324,0.87287,1.01413,0.58628,0.12859,0.20363,0.01829,30
Guinea,2019,SA,3.607,0.22415,0.3109,0.18829,0.30953,0.29914,0.1192,29
Mali,2019,AF,4.073,0.31292,0.86333,0.16347,0.27544,0.21064,0.13647,29
Mexico,2019,NA,6.778,1.11508,0.7146,0.71143,0.37709,0.11735,0.18355,29
Myanmar,2019,AS,4.395,0.34112,0.69981,0.3988,0.42692,0.81971,0.20243,29
Togo,2019,AF,3.303,0.28123,0,0.24811,0.34678,0.17517,0.11587,29
Dominican Republic,2019,SA,5.155,1.02787,0.99496,0.57669,0.52259,0.21286,0.12372,28
Kenya,2019,AF,4.356,0.52267,0.7624,0.30147,0.40576,0.41328,0.06686,28
Lebanon,2019,AS,5.129,1.12268,0.64184,0.76171,0.26228,0.23693,0.03061,28
Liberia,2019,AF,3.622,0.10706,0.50353,0.23165,0.25748,0.24063,0.04852,28
Mauritania,2019,AF,4.201,0.61391,0.84142,0.28639,0.1268,0.22686,0.17955,28
Paraguay,2019,SA,5.538,0.89373,1.11111,0.58295,0.46235,0.25296,0.07396,28
Russia,2019,EU,5.856,1.23228,1.05261,0.58991,0.32682,0.02736,0.03586,28
Uganda,2019,AF,3.739,0.34719,0.90981,0.19625,0.43653,0.27102,0.06442,28
Bangladesh,2019,AS,4.643,0.54177,0.24749,0.52989,0.39778,0.19132,0.12583,26
Guatemala,2019,SA,6.324,0.83454,0.87119,0.54039,0.50379,0.28808,0.08701,26
Honduras,2019,SA,4.871,0.69429,0.75596,0.58383,0.26755,0.2044,0.06906,26
Iran,2019,AS,4.813,1.11758,0.38857,0.64232,0.22544,0.38538,0.0557,26
Nigeria,2019,AF,4.875,0.75216,0.64498,0.05108,0.27854,0.23219,0.0305,26
Cameroon,2019,AF,4.513,0.52497,0.62542,0.12698,0.42736,0.2268,0.06126,25
Tajikistan,2019,AS,4.996,0.48835,0.75602,0.53119,0.43408,0.25998,0.13509,25
Uzbekistan,2019,AS,5.987,0.73591,1.1681,0.50163,0.60848,0.34326,0.28333,25
Madagascar,2019,AF,3.695,0.27954,0.46115,0.37109,0.13684,0.2204,0.07506,24
Zimbabwe,2019,AF,4.193,0.35041,0.71478,0.1595,0.25429,0.18503,0.08582,24
Nicaragua,2019,SA,5.992,0.69384,0.89521,0.65213,0.46582,0.29773,0.16292,22
Cambodia,2019,AS,3.907,0.55604,0.5375,0.42494,0.58852,0.40339,0.08092,20
Chad,2019,AF,3.763,0.42214,0.63178,0.03824,0.12807,0.18667,0.04952,20
Iraq,2019,AS,4.575,1.07474,0.59205,0.51076,0.24856,0.19589,0.13636,20
Burundi,2019,AF,2.905,0.06831,0.23442,0.15747,0.0432,0.2029,0.09419,19
Turkmenistan,2019,AS,5.658,1.08017,1.03817,0.44006,0.37408,0.22567,0.28467,19
Haiti,2019,SA,4.028,0.34097,0.29561,0.27494,0.12072,0.47958,0.14476,18
Libya,2019,AF,5.615,1.06688,0.95076,0.52304,0.40672,0.17087,0.10339,18
Afghanistan,2019,AS,3.36,0.38227,0.11037,0.17344,0.1643,0.31268,0.07112,16
Venezuela,2019,SA,6.084,1.13367,1.03302,0.61904,0.19847,0.0425,0.08304,16
Yemen,2019,AS,3.724,0.57939,0.47493,0.31048,0.2287,0.09821,0.05892,15
Denmark,2020,EU,7.645599842,1.326948524,0,0.979332566,0.665039897,0.242793396,0.495260328,88
New Zealand,2020,AU,7.299600124,1.242317915,0,1.008138299,0.646789908,0.325726211,0.461268276,88
Finland,2020,EU,7.808700085,1.285189509,0,0.961271405,0.66231674,0.159670442,0.477857262,85
Singapore,2020,AS,6.377099991,1.519580126,0,1.137814283,0.635317206,0.218770906,0.533162236,85
Sweden,2020,EU,7.353499889,1.322235227,0,0.986470461,0.650297701,0.272827893,0.442066371,85
Switzerland,2020,EU,7.559899807,1.39077425,0,1.040533185,0.62895447,0.269055754,0.407945901,85
Norway,2020,EU,7.487999916,1.42420733,0,1.008071899,0.670200884,0.287985086,0.434100568,84
Netherlands,2020,EU,7.448900223,1.338946342,0,0.975675344,0.61362648,0.336317569,0.368569762,82
Germany,2020,EU,7.075799942,1.314184546,0,0.972114801,0.564274132,0.252037704,0.309362292,80
Luxembourg,2020,EU,7.237500191,1.536676049,0,0.986442685,0.610137045,0.19595392,0.367041469,80
Australia,2020,AU,7.222799778,1.310396433,0,1.022607684,0.621877193,0.324973613,0.335996419,77
Canada,2020,NA,7.23210001,1.301647663,0,1.022501945,0.644028127,0.28152892,0.351701856,77
United Kingdom,2020,EU,7.164500237,1.273061037,0,0.97570008,0.525168657,0.373433441,0.322601646,77
Austria,2020,EU,7.294199944,1.317285538,0,1.000933528,0.603368878,0.255509764,0.281256139,76
Belgium,2020,EU,6.863500118,1.295842767,0,0.964901149,0.499805421,0.146966159,0.208724052,76
Estonia,2020,EU,6.021800041,1.192441225,0,0.842615008,0.576664805,0.125136748,0.201766819,75
Iceland,2020,EU,7.504499912,1.326501608,0,1.000843406,0.661980748,0.362330228,0.144540772,75
Japan,2020,AS,5.870800018,1.26672411,0,1.072881341,0.495465875,0.03571178,0.181439638,74
Ireland,2020,EU,7.093699932,1.446886778,0,0.975670695,0.587779939,0.295426995,0.373433262,72
United Arab Emirates,2020,AS,6.790800095,1.431086421,0,0.787814438,0.652936101,0.28065598,0.220213518,71
Uruguay,2020,SA,6.440100193,1.071000457,0,0.856928885,0.59426707,0.132143691,0.193425074,71
France,2020,EU,6.663799763,1.268129349,0,1.029714227,0.514050901,0.112607703,0.227303237,69
Chile,2020,SA,6.228499889,1.096992493,0,0.889260828,0.417482227,0.155579001,0.06284935,67
United States,2020,NA,6.939599991,1.37398684,0,0.831618011,0.534608245,0.298143059,0.152284741,67
Spain,2020,EU,6.400899887,1.230535269,0,1.051343083,0.425983816,0.16530548,0.109579779,62
Portugal,2020,EU,5.910900116,1.168800831,0,0.979315281,0.589895189,0.053036947,0.027733466,61
Botswana,2020,AF,3.478899956,0.997548997,0,0.494101733,0.50908941,0.033407487,0.101786368,60
Israel,2020,AS,7.128600121,1.216463685,0,1.008052945,0.420699477,0.266861796,0.09989845,60
Lithuania,2020,EU,6.215499878,1.193559647,0,0.795421183,0.42046079,0.053691041,0.081350274,60
Slovenia,2020,EU,6.363399982,1.208652496,0,0.932548046,0.646700144,0.145701498,0.076516323,60
Costa Rica,2020,SA,7.121399879,0.981107712,0,0.939635336,0.645017743,0.131266311,0.096362092,57
Cyprus,2020,AS,6.15899992,1.21279943,0,1.026124597,0.459385872,0.227932334,0.051207144,57
Latvia,2020,EU,5.949999809,1.14139545,0,0.777902424,0.329198807,0.075407945,0.090391524,57
Georgia,2020,AS,4.672599792,0.847198069,0,0.694657624,0.485494107,0.047609735,0.174088076,56
Poland,2020,EU,6.186299801,1.16922915,0,0.868038476,0.557903528,0.063374244,0.160541251,56
Rwanda,2020,AF,3.312299967,0.343242675,0,0.572383285,0.604087889,0.235704988,0.485542476,54
Italy,2020,EU,6.38740015,1.236396074,0,1.022504926,0.321305573,0.170266211,0.040145598,53
Malta,2020,EU,6.772799969,1.252513289,0,0.972042024,0.633239031,0.341180831,0.178864077,53
Mauritius,2020,AF,6.101299763,1.07366395,0,0.763389409,0.590838134,0.186894551,0.084088229,53
Saudi Arabia,2020,AS,6.406499863,1.334328532,0,0.759818137,0.548477471,0.087440684,0.163322315,53
Malaysia,2020,AS,5.384300232,1.168421626,0,0.788511872,0.596941531,0.274886161,0.062163133,51
Greece,2020,EU,5.514999866,1.128070116,0,0.979431748,0.173516348,0,0.048844352,50
Armenia,2020,AS,4.676799774,0.808262408,0,0.77585727,0.378075808,0.107225738,0.104618184,49
Jordan,2020,AS,4.633399963,0.785179198,0,0.777624726,0.424855083,0.091494769,0.151878625,49
Slovakia,2020,EU,6.280600071,1.194837689,0,0.853465259,0.423542529,0.116729774,0.011291441,49
Belarus,2020,EU,5.539899826,1.018854499,0,0.75258857,0.290755868,0.08993306,0.193607435,47
Croatia,2020,EU,5.504700184,1.109024286,0,0.900575578,0.381456882,0.113998979,0.012325006,47
Montenegro,2020,EU,5.54610014,1.010150075,0,0.839028895,0.303223848,0.14901033,0.098435111,45
Senegal,2020,AF,4.980800152,0.504061818,0,0.518391907,0.352400899,0.164397135,0.081865937,45
Bulgaria,2020,EU,5.101500034,1.046554685,0,0.777776897,0.417820066,0.103833713,0,44
Hungary,2020,EU,6.000400066,1.164307117,0,0.806793869,0.386401802,0.070491239,0.027548173,44
Jamaica,2020,SA,5.889800072,0.779058397,0,0.788434088,0.553124607,0.116268493,0.030147785,44
Romania,2020,EU,6.123700142,1.120401621,0,0.79229486,0.534852326,0.068181619,0.000829569,44
South Africa,2020,AF,4.814099789,0.902140439,0,0.407034069,0.43478182,0.126406848,0.05950214,44
Tunisia,2020,AF,4.392199993,0.874742687,0,0.781156719,0.235860556,0.055881143,0.043899573,44
Ghana,2020,AF,5.147999763,0.575862467,0,0.432162255,0.477290064,0.261291206,0.056570381,43
Argentina,2020,SA,5.974699974,1.028465629,0,0.849773705,0.520840347,0.070100471,0.060415059,42
Bahrain,2020,AS,6.227300167,1.296692252,0,0.838836372,0.610399902,0.287453711,0.126697257,42
China,2020,AS,5.123899937,0.990533412,0,0.867248535,0.601605117,0.079021044,0.117255554,42
Kuwait,2020,AS,6.102099895,1.424833655,0,0.776468933,0.570261419,0.132751092,0.112814933,42
Benin,2020,AF,5.21600008,0.366244704,0,0.328062952,0.40583989,0.196670428,0.125931874,41
Burkina Faso,2020,AF,4.768700123,0.302467644,0,0.312833875,0.322398156,0.186390609,0.126408055,40
India,2020,AS,3.573299885,0.730576158,0,0.54057014,0.581142247,0.237072483,0.105587982,40
Morocco,2020,AF,5.094799995,0.75862211,0,0.745096922,0.450054139,0.040032551,0.077385604,40
Turkey,2020,AS,5.131800175,1.127169251,0,0.781335294,0.25440076,0.085885569,0.120983243,40
Colombia,2020,SA,6.163400173,0.93220371,0,0.810020149,0.526890039,0.092374094,0.04584837,39
Ecuador,2020,SA,5.925199986,0.853383601,0,0.838837743,0.555234551,0.115006477,0.086753383,39
Brazil,2020,SA,6.375599861,0.952679873,0,0.766119063,0.483292729,0.131674588,0.106518604,38
Ethiopia,2020,AF,4.186200142,0.315125644,0,0.483846247,0.41256687,0.227698103,0.117437035,38
Kazakhstan,2020,AS,6.057899952,1.122594237,0,0.698788941,0.497432142,0.153713793,0.110463686,38
Peru,2020,SA,5.796800137,0.91854918,0,0.824444175,0.513210058,0.091611817,0.02703266,38
Serbia,2020,EU,5.77820015,0.988181829,0,0.828403294,0.395428419,0.15028289,0.059447147,38
Sri Lanka,2020,AS,4.327000141,0.897986948,0,0.792036712,0.528632462,0.252666146,0.049444564,38
Tanzania,2020,AF,3.476200104,0.457163125,0,0.442677855,0.509343088,0.27154091,0.203880861,38
Indonesia,2020,AS,5.285600185,0.891720712,0,0.610437036,0.568161428,0.542646527,0.038278613,37
Albania,2020,EU,4.882699966,0.906653047,0,0.846329629,0.461945891,0.171027765,0.025361285,36
Algeria,2020,AF,5.005099773,0.943856001,0,0.745418549,0.083943799,0.118915014,0.129190654,36
El Salvador,2020,SA,6.34829998,0.748940408,0,0.752730012,0.524043918,0.1189363,0.117030352,36
Kosovo,2020,EU,6.325200081,0.840481341,0,0.672709167,0.557280421,0.325286865,0.008559024,36
Thailand,2020,AS,5.998799801,1.007029295,0,0.793855846,0.609449804,0.376709014,0.031837862,36
Vietnam,2020,AS,5.353499889,0.718092382,0,0.819133997,0.650835574,0.136488721,0.089848459,36
Bosnia and Herzegovina,2020,EU,5.674099922,0.91839546,0,0.813928187,0.305365741,0.264005244,0.001172487,35
Mongolia,2020,AS,5.456200123,0.904872775,0,0.615788162,0.355703115,0.263885736,0.046533126,35
Panama,2020,SA,6.304800034,1.097667813,0,0.878546536,0.57984978,0.097207308,0.054230526,35
Moldova,2020,EU,5.607500076,0.707916796,0,0.713299453,0.389571488,0.174049184,0.014378744,34
Philippines,2020,AS,6.006000042,0.775120676,0,0.602189481,0.621915162,0.129260212,0.130385727,34
Egypt,2020,AF,4.151400089,0.875228941,0,0.596911311,0.373684734,0.068801254,0.095461793,33
Nepal,2020,AS,5.137199879,0.444050372,0,0.66887939,0.480608255,0.300971806,0.127502963,33
Sierra Leone,2020,AF,3.926399946,0.240560383,0,0.203953966,0.382027686,0.257647008,0.047940936,33
Ukraine,2020,EU,4.56069994,0.780434608,0,0.698674381,0.319423705,0.178551316,0.00965116,33
Zambia,2020,AF,3.759399891,0.536833763,0,0.36359334,0.49131754,0.250620902,0.086705238,33
Niger,2020,AF,4.909599781,0.108330332,0,0.298816353,0.435311615,0.208176896,0.137554765,32
Bolivia,2020,SA,5.747499943,0.730976343,0,0.662445664,0.5744645,0.138375074,0.072942637,31
Kenya,2020,AF,4.583000183,0.476413399,0,0.536312759,0.519180536,0.393902093,0.067201078,31
Kyrgyzstan,2020,AS,5.541500092,0.513180971,0,0.680645883,0.614617765,0.30137074,0.030466691,31
Mexico,2020,NA,6.465000153,1.024387479,0,0.831601024,0.553892553,0.083094485,0.083133668,31
Pakistan,2020,AS,5.69329977,0.616799474,0,0.469933242,0.405421734,0.228705063,0.122592121,31
Azerbaijan,2020,AS,5.164800167,0.990272701,0,0.731134057,0.467734724,0.040113214,0.247307181,30
Gabon,2020,AF,4.829299927,0.988044381,0,0.522574842,0.369459897,0.052013602,0.055804539,30
Malawi,2020,AF,3.538000107,0.176534727,0,0.446163297,0.487389833,0.213185057,0.131633952,30
Mali,2020,AF,4.729300022,0.352462649,0,0.234981522,0.377534449,0.16966705,0.062146276,30
Russia,2020,EU,5.546000004,1.126999617,0,0.68044591,0.399499595,0.099041916,0.045699362,30
Mauritania,2020,AF,4.374599934,0.539684892,0,0.425184816,0.185714483,0.128899664,0.122257635,29
Togo,2020,AF,4.187200069,0.268116266,0,0.342731178,0.303539038,0.200774252,0.114826456,29
Dominican Republic,2020,SA,5.689199924,0.983191848,0,0.741901696,0.5628739,0.112196781,0.115945682,28
Guinea,2020,SA,4.949299812,0.390007734,0,0.333655238,0.371878058,0.249490842,0.112204559,28
Liberia,2020,AF,4.557899952,0.174103007,0,0.392284274,0.405943096,0.226967871,0.051139876,28
Myanmar,2020,AS,4.308000088,0.67809093,0,0.495443076,0.597478867,0.569813728,0.187530354,28
Paraguay,2020,SA,5.692100048,0.897990823,0,0.735869646,0.586510062,0.204299241,0.065077379,28
Uganda,2020,AF,4.43200016,0.312337428,0,0.378311664,0.401682556,0.264807373,0.063818842,27
Bangladesh,2020,AS,4.832799911,0.556156278,0,0.694940507,0.604130566,0.176745117,0.176735908,26
Uzbekistan,2020,AS,6.257599831,0.696652949,0,0.716703713,0.693270326,0.363311023,0.280260265,26
Cameroon,2020,AF,5.084899902,0.503958046,0,0.270189553,0.439242482,0.198020101,0.054393422,25
Guatemala,2020,SA,6.398900032,0.753815711,0,0.705952585,0.613146722,0.170611665,0.0983603,25
Iran,2020,AS,4.672399998,1.029322505,0,0.749053836,0.301195472,0.27697894,0.142651513,25
Lebanon,2020,AS,4.771500111,0.889232516,0,0.788671136,0.18551667,0.158524141,0.021518147,25
Madagascar,2020,AF,4.165599823,0.244553208,0,0.500617027,0.192967549,0.191190064,0.076248638,25
Nigeria,2020,AF,4.724100113,0.645901859,0,0.167835936,0.435079455,0.221328124,0.047589935,25
Tajikistan,2020,AS,5.555699825,0.474874616,0,0.680594802,0.521141171,0.182417125,0.221779913,25
Honduras,2020,SA,5.953199863,0.598763585,0,0.791989982,0.568148077,0.256528199,0.086807102,24
Zimbabwe,2020,AF,3.299200058,0.425564021,0,0.375037611,0.37740472,0.151349187,0.080928579,24
Nicaragua,2020,SA,6.13710022,0.620033145,0,0.803093255,0.560117304,0.212871477,0.174084574,22
Cambodia,2020,AS,4.848400116,0.544634938,0,0.587904334,0.674940348,0.233342081,0.072837502,21
Chad,2020,AF,4.422699928,0.302287489,0,0.1087441,0.228601769,0.210805088,0.085755408,21
Iraq,2020,AS,4.784800053,0.982018709,0,0.529350698,0.283588052,0.153002068,0.073164992,21
Afghanistan,2020,AS,2.566900015,0.30070585,0,0.266051531,0,0.135234714,0.001225785,19
Burundi,2020,AF,3.775300026,0,0,0.295212835,0.275399059,0.187401786,0.212186828,19
Turkmenistan,2020,AS,5.119100094,1.008963585,0,0.612448037,0.515236676,0.323129326,0.03350389,19
Haiti,2020,SA,3.720799923,0.284734428,0,0.37436673,0.169297516,0.463909656,0.161935672,18
Libya,2020,AF,5.488800049,1.021913767,0,0.615626633,0.451354057,0.142757699,0.172258079,17
Venezuela,2020,SA,5.053199768,0.770238638,0,0.76702553,0.271717221,0.087179154,0.063624777,15
Yemen,2020,AS,3.527400017,0.392701775,0,0.41500017,0.243721485,0.094689012,0.087352127,15
